# 写在前面

1. 创建数据表

   ```
   create table class(
   id int primary key auto_increment,	
   sname varchar(10) not null default  ' ',
   gender char(1)  not null default  ' ',
   company varchar(20) not null default  ' ',
   salary  decimal(6,2) not null default 0.00,
   fanbu smallint not null default  0 
   )engine myisam charset utf8;
   ```

   

2. 查看数据表的结构

   ```
   desc class;
   ```

   **结果**

   ```
   +---------+--------------+------+-----+---------+----------------+
   | Field   | Type         | Null | Key | Default | Extra          |
   +---------+--------------+------+-----+---------+----------------+
   | id      | int          | NO   | PRI | NULL    | auto_increment |
   | sname   | varchar(10)  | NO   |     |         |                |
   | gender  | char(1)      | NO   |     |         |                |
   | company | varchar(20)  | NO   |     |         |                |
   | salary  | decimal(6,2) | NO   |     | 0.00    |                |
   | fanbu   | smallint     | NO   |     | 0       |                |
   +---------+--------------+------+-----+---------+----------------+
   ```

# insert

1. 给所有列插入元素。

   ```
   insert into class
   (id,sname,gender,company,salary,fanbu)
   values
   (1,'zhangsan','男','baidu',8888.88,500);
   ```

   **结果**

   ```
   mysql> select * from class;
   +----+----------+--------+---------+---------+-------+
   | id | sname    | gender | company | salary  | fanbu |
   +----+----------+--------+---------+---------+-------+
   |  1 | zhangsan | 男     | baidu   | 8888.88 |   500 |
   +----+----------+--------+---------+---------+-------+
   1 row in set (0.00 sec)
   ```

2. 给部分列插入元素

   ```
   insert into class
   (id,sname,gender,salary,fanbu)
   values
   (2,'李四','男',7000.00,300);
   ```

   **结果**

   ```
   mysql> select * from class;
   +----+----------+--------+---------+---------+-------+
   | id | sname    | gender | company | salary  | fanbu |
   +----+----------+--------+---------+---------+-------+
   |  1 | zhangsan | 男     | baidu   | 8888.88 |   500 |
   |  2 | 李四     | 男     |         | 7000.00 |   300 |
   +----+----------+--------+---------+---------+-------+
   2 rows in set (0.00 sec)
   ```

注意：

- 如果插入的是所有的列，则可以不声明待插入的列 == 如果不声明插入的列，则理解为插入所有的列 

  ```
  insert into class
  values
  (3,'wangwu','男','xinlang',2228.88,600);
  ```

  **结果**

  ```
  mysql> select * from class;
  +----+----------+--------+---------+---------+-------+
  | id | sname    | gender | company | salary  | fanbu |
  +----+----------+--------+---------+---------+-------+
  |  1 | zhangsan | 男     | baidu   | 8888.88 |   500 |
  |  2 | 李四     | 男     |         | 7000.00 |   300 |
  |  3 | wangwu   | 男     | xinlang | 2228.88 |   600 |
  +----+----------+--------+---------+---------+-------+
  3 rows in set (0.00 sec)
  ```



3. 批量增加

   ```
   insert into class
   (id,sname,gender,salary,fanbu)
   values
   (4,'张三','男',6000.00,300),
   (5,'李四','男',7000.00,200),
   (6,'王五','男',8000.00,100);
   ```

   **结果**  

   ```
   mysql> select * from class;
   +----+----------+--------+---------+---------+-------+
   | id | sname    | gender | company | salary  | fanbu |
   +----+----------+--------+---------+---------+-------+
   |  1 | zhangsan | 男     | baidu   | 8888.88 |   500 |
   |  2 | 李四     | 男     |         | 7000.00 |   300 |
   |  3 | wangwu   | 男     | xinlang | 2228.88 |   600 |
   |  4 | 张三     | 男     |         | 6000.00 |   300 |
   |  5 | 李四     | 男     |         | 7000.00 |   200 |
   |  6 | 王五     | 男     |         | 8000.00 |   100 |
   +----+----------+--------+
   ```



# update

1. 基本使用

   ```
   update class set company = 'weibo' where sname = '张三';
   ```

   **结果**

   ```
   mysql> select * from class;
   +----+----------+--------+---------+---------+-------+
   | id | sname    | gender | company | salary  | fanbu |
   +----+----------+--------+---------+---------+-------+
   |  1 | zhangsan | 男     | baidu   | 8888.88 |   500 |
   |  2 | 李四     | 男     |         | 7000.00 |   300 |
   |  3 | wangwu   | 男     | xinlang | 2228.88 |   600 |
   |  4 | 张三     | 男     | weibo   | 6000.00 |   300 |
   |  5 | 李四     | 男     |         | 7000.00 |   200 |
   |  6 | 王五     | 男     |         | 8000.00 |   100 |
   +----+----------+--------+---------+---------+-------+
   6 rows
   ```

2. 可以同时更新多个字段。

   ```
   update class set company = 'weibo',fanbu = fanbu + 200 where sname = '王五';
   ```

   **结果**   

   ```
   mysql> select * from class;
   +----+----------+--------+---------+---------+-------+
   | id | sname    | gender | company | salary  | fanbu |
   +----+----------+--------+---------+---------+-------+
   |  1 | zhangsan | 男     | baidu   | 8888.88 |   500 |
   |  2 | 李四     | 男     |         | 7000.00 |   300 |
   |  3 | wangwu   | 男     | xinlang | 2228.88 |   600 |
   |  4 | 张三     | 男     | weibo   | 6000.00 |   300 |
   |  5 | 李四     | 男     |         | 7000.00 |   200 |
   |  6 | 王五     | 男     | weibo   | 8000.00 |   300 |
   +----+----------+--------+---------+---------+-------+
   6 rows in set (0.00 sec)
   ```

3. 你可以在一个单独表中同时更新数据。   

   ```
   update class set gender = '女' where gender = '男';
   ```

   **结果**

   ```
   mysql> select * from class;
   +----+----------+--------+---------+---------+-------+
   | id | sname    | gender | company | salary  | fanbu |
   +----+----------+--------+---------+---------+-------+
   |  1 | zhangsan | 女     | baidu   | 8888.88 |   500 |
   |  2 | 李四     | 女     |         | 7000.00 |   300 |
   |  3 | wangwu   | 女     | xinlang | 2228.88 |   600 |
   |  4 | 张三     | 女     | weibo   | 6000.00 |   300 |
   |  5 | 李四     | 女     |         | 7000.00 |   200 |
   |  6 | 王五     | 女     | weibo   | 8000.00 |   300 |
   +----+----------+--------+---------+---------+-------+
   6 rows in set (0.00 sec)
   ```



# delete 



1. 基本用法

   ```
   delete from class where sname = '李四';
   ```

   **结果**  

   ```
   mysql> select * from class;
   +----+----------+--------+---------+---------+-------+
   | id | sname    | gender | company | salary  | fanbu |
   +----+----------+--------+---------+---------+-------+
   |  1 | zhangsan | 女     | baidu   | 8888.88 |   500 |
   |  3 | wangwu   | 女     | xinlang | 2228.88 |   600 |
   |  4 | 张三     | 女     | weibo   | 6000.00 |   300 |
   |  6 | 王五     | 女     | weibo   | 8000.00 |   300 |
   +----+----------+--------+---------+---------+-------+
   4 rows in set (0.00 sec)
   ```

   - 不加where子句则表示清空表中的数据.   



2. 其它 

   - drop，delete 和truncate 有什么区别？

     ```drop table table_name``` 表示删除表的数据及表结构

     ```truncate table table_name``` 清空表的数据，但不删除表的结构

     ```delete from teble_name （where column_name = value）``` 删除表的数据，可以对行删除，也可以对表删除。

     执行速度：drop > truncate > delete.  

     - delete语句是数据库操作语言(dml)，这个操作会放到 rollback segement 中，事务提交之后才生效；如果有相应的 trigger，执行的时候将被触发。
     - truncate、drop 是数据库定义语言(ddl)，操作立即生效，原数据不放到 rollback segment 中，不能回滚，操作不触发trigger。
     - truncate语句执行以后，id标识列还是按顺序排列，保持连续；而delete语句执行后，ID标识列不连续



# select  

1. 基本使用 

   ```sql
   select * from table_name;
   ```

   查找所有行和所有列的数据     

   

2. 查找指令列的数据

   ```sql
   select sname,company,salary from class;
   ```

   **结果**   

   ```sql
   +----------+---------+---------+
   | sname    | company | salary  |
   +----------+---------+---------+
   | zhangsan | baidu   | 8888.88 |
   | wangwu   | xinlang | 2228.88 |
   | 张三     | weibo   | 6000.00 |
   | 王五     | weibo   | 8000.00 |
   +----------+---------+---------+
   4 rows in set (0.00 sec)
   ```

3. 查找指定行的数据

   ```sql
   select * from class where id > 1;
   ```

   **结果** 

   ``` sql
   +----+--------+--------+---------+---------+-------+
   | id | sname  | gender | company | salary  | fanbu |
   +----+--------+--------+---------+---------+-------+
   |  3 | wangwu | 女     | xinlang | 2228.88 |   600 |
   |  4 | 张三   | 女     | weibo   | 6000.00 |   300 |
   |  6 | 王五   | 女     | weibo   | 8000.00 |   300 |
   +----+--------+--------+---------+---------+-------+
   3 rows in set (0.00 sec)
   ```



# alter

修改表的语法，一张表创建之后，有可能增加、删除或者修改列

1. 添加表中字段

   - 添加单个字段

     ```sql
     alter table table_name add colum_name column_type column-args 
     ```

   - 添加多个字段

     ```sql
     alter table table_name add (colum_name1 column_type column-args ,colum_name2 column_type column-args)
     ```

   **实例**

   ```sql
   drop table if exists alter_test;   
   create table alter_test (id int primary key auto_increment);  
   ```

   - 添加单个字段

     ```sql
     alter table alter_test add sname varchar(5) not null default '' comment "名字";
     ```

     结果：

     ```sql
     desc alter_test;
     +-------+------------+------+-----+---------+----------------+
     | Field | Type       | Null | Key | Default | Extra          |
     +-------+------------+------+-----+---------+----------------+
     | id    | int        | NO   | PRI | NULL    | auto_increment |
     | sname | varchar(5) | NO   |     |         |                |
     +-------+------------+------+-----+---------+----------------+
     ```

   - 批量添加字段 

     ```sql
     alter table alter_test add (score int not null default 0,remarks varchar(50) not null default
      ''); 
     ```

     结果

     ```sql
     +---------+-------------+------+-----+---------+----------------+
     | Field   | Type        | Null | Key | Default | Extra          |
     +---------+-------------+------+-----+---------+----------------+
     | id      | int         | NO   | PRI | NULL    | auto_increment |
     | sname   | varchar(5)  | NO   |     |         |                |
     | score   | int         | NO   |     | 0       |                |
     | remarks | varchar(50) | NO   |     |         |                |
     +---------+-------------+------+-----+---------+----------------+
     ```

   添加的字段一般在最后面，如果需要指定添加的字段的位置，可以使用mysql 提供的关键字。   

   - 添加在某列一列后面

     ```sql
      alter table alter_test add sex char(2) after id;
     ```

     结果

     ```sql
     +---------+-------------+------+-----+---------+----------------+
     | Field   | Type        | Null | Key | Default | Extra          |
     +---------+-------------+------+-----+---------+----------------+
     | id      | int         | NO   | PRI | NULL    | auto_increment |
     | sex     | char(2)     | YES  |     | NULL    |                |
     | sname   | varchar(5)  | NO   |     |         |                |
     | score   | int         | NO   |     | 0       |                |
     | remarks | varchar(50) | NO   |     |         |                |
     +---------+-------------+------+-----+---------+----------------+
     ```

   - 添加在第一列

     ```sql
      alter table alter_test add no int first;
     ```

     结果

     ```sql
     +---------+-------------+------+-----+---------+----------------+
     | Field   | Type        | Null | Key | Default | Extra          |
     +---------+-------------+------+-----+---------+----------------+
     | no      | int         | YES  |     | NULL    |                |
     | id      | int         | NO   | PRI | NULL    | auto_increment |
     | sex     | char(2)     | YES  |     | NULL    |                |
     | sname   | varchar(5)  | NO   |     |         |                |
     | score   | int         | NO   |     | 0       |                |
     | remarks | varchar(50) | NO   |     |         |                |
     +---------+-------------+------+-----+---------+----------------+
     ```



2. 修改表中字段

- 修改字段名

  ```sql
  alter table table_name change oldColumn newColumn dataType ;
  ```

- 修改字段属性

  ```sql
  alter table table_name MODIFY column_name dataType;
  ```

3. 删除表中字段   

   ```sql
   ALTER TABLE table_name DROP COLUMN column_name;
   ```

   





























