# mysql 查询数据

**查询语句**

```sql
SELECT column_name,column_name
FROM table_name
[WHERE Clause]
[LIMIT N][ OFFSET M]
```

- 查询语句中你可以使用一个或者多个表，表之间使用逗号(,)分割，并使用WHERE语句来设定查询条件。
- SELECT 命令可以读取一条或者多条记录。
- 你可以使用星号（*）来代替其他字段，SELECT语句会返回表的所有字段数据
- 你可以使用 WHERE 语句来包含任何条件。
- 你可以使用 LIMIT 属性来设定返回的记录数。
- 你可以通过OFFSET指定SELECT语句开始查询的数据偏移量。默认情况下偏移量为0。

se**limit 和offset 的用法**

- limit 的两种用法

  所有数据

  ```sql
  +----+----------+--------+---------+---------+-------+-----+-------+------------+
  | id | sname    | gender | company | salary  | fanbu | age | snum  | test_float |
  +----+----------+--------+---------+---------+-------+-----+-------+------------+
  |  1 | zhangsan | 女     | baidu   | 8888.88 |   500 |   0 | 00000 |      10.23 |
  |  3 | wangwu   | 女     | xinlang | 2228.88 |   600 |   0 | 00000 |      10.24 |
  |  4 | 张三     | 女     | weibo   | 6000.00 |   300 |   0 | 00000 |     100.12 |
  |  6 | 王五     | 女     | weibo   | 8000.00 |   300 |   0 | 00000 |       0.00 |
  |  7 | 小萌     |        |         |    0.00 |     0 |   0 | 00001 |       0.00 |
  +----+----------+--------+---------+---------+-------+-----+-------+------------+
  5 rows in set (0.05 sec)
  ```

  表示要取三条数据

  ```sql
  select* from table_name LIMIT 3;
  +----+----------+--------+---------+---------+-------+-----+-------+------------+
  | id | sname    | gender | company | salary  | fanbu | age | snum  | test_float |
  +----+----------+--------+---------+---------+-------+-----+-------+------------+
  |  1 | zhangsan | 女     | baidu   | 8888.88 |   500 |   0 | 00000 |      10.23 |
  |  3 | wangwu   | 女     | xinlang | 2228.88 |   600 |   0 | 00000 |      10.24 |
  |  4 | 张三     | 女     | weibo   | 6000.00 |   300 |   0 | 00000 |     100.12 |
  +----+----------+--------+---------+---------+-------+-----+-------+------------+
  3 rows in set (0.00 sec)
  ```

  表示要取三条数据，跳过第一条，即取2，3，4条数据

  ```sql
  select* from table_name LIMIT 1,3;   
  +----+--------+--------+---------+---------+-------+-----+-------+------------+
  | id | sname  | gender | company | salary  | fanbu | age | snum  | test_float |
  +----+--------+--------+---------+---------+-------+-----+-------+------------+
  |  3 | wangwu | 女     | xinlang | 2228.88 |   600 |   0 | 00000 |      10.24 |
  |  4 | 张三   | 女     | weibo   | 6000.00 |   300 |   0 | 00000 |     100.12 |
  |  6 | 王五   | 女     | weibo   | 8000.00 |   300 |   0 | 00000 |       0.00 |
  +----+--------+--------+---------+---------+-------+-----+-------+------------+
  3 rows in set (0.00 sec)
  ```



# where 子句   

where 操作符我们在前面的例子中都有用到，下面我们总结一下where 的使用。

```sql
select field1, field2,...fieldN FROM table_name1, table_name2
where condition1 [AND|OR] condition2;
```

- 查询语句中你可以使用一个或者多个表，表之间使用逗号**,** 分割，并使用WHERE语句来设定查询条件。
- 你可以在 WHERE 子句中指定任何条件。
- 你可以使用 AND 或者 OR 指定一个或多个条件。
- WHERE 子句也可以运用于 SQL 的 DELETE 或者 UPDATE 命令。
- WHERE 子句类似于程序语言中的 if 条件，根据 MySQL 表中的字段值来读取指定的数据。

**where 子句中能用到的操作符**  

| 操作符 | 描述                                           | 实例               |
| ------ | ---------------------------------------------- | ------------------ |
| =      | 等号，检测两个值是否相等，如果相等返回true     | (A = B) 返回false  |
| <>  != | 不等于，检测两个值是否相等，如果不相等返回true | (A != B) 返回true  |
| >      | 大于                                           | (A > B) 返回false  |
| <      | 小于                                           | (A < B) 返回 true  |
| >=     | 大于等于                                       | (A >= B) 返回false |
| <=     | 小于等于                                       | A <= B) 返回 true  |

使用主键来作为 WHERE 子句的条件查询是非常快速的。（后面学习了索引就知道了）

如果给定的条件在表中没有任何匹配的记录，那么查询不会返回任何数据    



# like 子句

Like 子句一般使用在where 子句中，表示模糊查询的意思   

```sql
select *
FROM table_name
where field1 like condition;
```

- Like 一般和与 ```%``` 一同使用，类似于一个元字符的搜索。   
- 你可以使用 AND 或者 OR 指定一个或多个条件。 

**实例** 

```sql
select * from class where company like '%bo';
+----+--------+--------+---------+---------+-------+-----+-------+------------+
| id | sname  | gender | company | salary  | fanbu | age | snum  | test_float |
+----+--------+--------+---------+---------+-------+-----+-------+------------+
|  4 | 张三   | 女     | weibo   | 6000.00 |   300 |   0 | 00000 |     100.12 |
|  6 | 王五   | 女     | weibo   | 8000.00 |   300 |   0 | 00000 |       0.00 |
+----+--------+--------+---------+---------+-------+-----+-------+------------+
2 rows in set (0.00 sec)
```

# union 操作符

UNION 操作符用于连接两个以上的 SELECT 语句的结果组合到一个结果集合中。多个 SELECT 语句会删除重复的数据    

**union 的用法** 

```sql
SELECT expression1, expression2, ... expression_n
FROM tables
[WHERE conditions]
UNION [ALL | DISTINCT]
SELECT expression1, expression2, ... expression_n
FROM tables
[WHERE conditions];
```

- ```all``` 可选，返回所有结果集，包含重复数据。
- ```distinct``` 可选，删除结果集中重复的数据。默认情况下 UNION 操作符已经删除了重复数据，所以 DISTINCT 修饰符对结果没啥影响。

现在我们又两张表

**class**

```sql
+----+----------+--------+---------+---------+-------+-----+-------+------------+
| id | sname    | gender | company | salary  | fanbu | age | snum  | test_float |
+----+----------+--------+---------+---------+-------+-----+-------+------------+
|  1 | zhangsan | 女     | baidu   | 8888.88 |   500 |   0 | 00000 |      10.23 |
|  3 | wangwu   | 女     | xinlang | 2228.88 |   600 |   0 | 00000 |      10.24 |
|  4 | 张三     | 女     | weibo   | 6000.00 |   300 |   0 | 00000 |     100.12 |
|  6 | 王五     | 男     | weibo   | 8000.00 |   300 |   0 | 00000 |       0.00 |
|  7 | 小萌     | 男     |         |    0.00 |     0 |   0 | 00001 |       0.00 |
+----+----------+--------+---------+---------+-------+-----+-------+------------+
```

**student** 

```sql
+----+----------+--------+------+
| id | sname    | gender | age  |
+----+----------+--------+------+
|  1 | zhangsan | 女     |   17 |
|  2 | limei    | 女     |   18 |
|  3 | wangwu   | 男     |   18 |
+----+----------+--------+------+
```

**实例** 

- all 

  ```sql
  select gender from class union  all select gender from student;
  +--------+
  | gender |
  +--------+
  | 女     |
  | 女     |
  | 女     |
  | 男     |
  | 男     |
  | 女     |
  | 女     |
  | 男     |
  +--------+
  ```

- Distinct 

  这个属性不用特别声明，mysql 默认会删除掉重复数据

  ```sql
  select gender from class union  select gender from student;
  +--------+
  | gender |
  +--------+
  | 女     |
  | 男     |
  +--------+
  ```

# order by  子句

order by 顾名思义是排序的意思，我们可以通过order by 子句设想按照哪个字段哪种方式来排序显示搜索出来的数据   

```sql
SELECT field1, field2,...fieldN FROM table_name1, table_name2...
ORDER BY field1 [ASC [DESC][默认 ASC]], [field2...] [ASC [DESC][默认 ASC]]
```

- 你可以使用任何字段来作为排序的条件，从而返回排序后的查询结果。
- 你可以设定多个字段来排序。
- 你可以使用 ASC 或 DESC 关键字来设置查询结果是按升序或降序排列。 默认情况下，它是按升序排列。
- 你可以添加 WHERE...LIKE 子句来设置条件。order by 用在where 之后。

**实例**

```
select * from student order by id desc;
+----+----------+--------+------+
| id | sname    | gender | age  |
+----+----------+--------+------+
|  3 | wangwu   | 男     |   18 |
|  2 | limei    | 女     |   18 |
|  1 | zhangsan | 女     |   17 |
+----+----------+--------+------+
```

按照id降序排序   

# group by 语句 

- 语句根据一个或多个列对结果集进行分组  

- 在分组的列上我们可以使用 COUNT, SUM, AVG,等函数。

**语法** 

```
SELECT column_name, function(column_name)
FROM table_name
WHERE column_name operator value
GROUP BY column_name;
```

**实例** 

我们有如下表及数据：

```
+----+--------+---------------------+--------+
| id | name   | date                | signin |
+----+--------+---------------------+--------+
|  1 | 小明   | 2016-04-22 15:25:33 |      1 |
|  2 | 小王   | 2016-04-20 15:25:47 |      3 |
|  3 | 小丽   | 2016-04-19 15:26:02 |      2 |
|  4 | 小王   | 2016-04-07 15:26:14 |      4 |
|  5 | 小明   | 2016-04-11 15:26:40 |      4 |
|  6 | 小明   | 2016-04-04 15:26:54 |      2 |
+----+--------+---------------------+--------+
```

接下来我们用名字进行分组,并统计每个人有多少记录 

```
SELECT name, COUNT(*) FROM   employee_tbl GROUP BY name;
+--------+----------+
| name   | COUNT(*) |
+--------+----------+
| 小明   |        3 |
| 小王   |        2 |
| 小丽   |        1 |
+--------+----------+
```

## having 

mysql中，当我们用到聚合函数，如sum，count后，又需要筛选条件时，having就派上用场了，因为**WHERE是在聚合前**筛选记录的，having和group by是组合着用的.

- having后的判断字段必须是聚合函数返回的结果.  

  比如我们要筛选出登陆次数大于2 的用户

  ```
  SELECT name, SUM(signin) as signin_count FROM  employee_tbl GROUP BY name having signin_count > 2;
  +--------+--------------+
  | name   | signin_count |
  +--------+--------------+
  | 小明   |            7 |
  | 小王   |            7 |
  +--------+--------------+
  ```

  

  

## with rollup 

WITH ROLLUP 可以实现在分组统计数据基础上再进行相同的统计（SUM,AVG,COUNT…）

```
SELECT name, SUM(signin) as signin_count FROM  employee_tbl GROUP BY name WITH ROLLUP;
```

**结果**

```
+--------+--------------+
| name   | signin_count |
+--------+--------------+
| 小丽   |            2 |
| 小明   |            7 |
| 小王   |            7 |
| NULL   |           16 |
+--------+--------------+
```





对于distinct与group by的使用: 1、当对系统的性能高并数据量大时使用group by 2、当对系统的性能不高时使用数据量少时两者皆可 3、尽量使用group by





























